{"cameraMode":{"drawMode":0,"name":"Shaded","section":"Shading Mode"},"sceneLighting":false,"audioPlay":false,"sceneViewState":{"showFog":true,"showMaterialUpdate":false,"showSkybox":false,"showFlares":true,"showImageEffects":true,"showParticleSystems":true},"in2DMode":false,"pivot":{"x":959.2163696289063,"y":242.40829467773438,"z":-10.55938720703125},"rotation":{"x":0.09285334497690201,"y":-0.016427889466285707,"z":0.0015322394901886583,"w":0.9955437183380127},"size":847.6011962890625,"orthographic":false}