{"cameraMode":{"drawMode":0,"name":"Shaded","section":"Shading Mode"},"sceneLighting":true,"audioPlay":false,"sceneViewState":{"showFog":false,"showMaterialUpdate":false,"showSkybox":false,"showFlares":false,"showImageEffects":false,"showParticleSystems":false},"in2DMode":false,"pivot":{"x":-1.0709999799728394,"y":0.675000011920929,"z":1.0019999742507935},"rotation":{"x":0.08467212319374085,"y":0.05409329757094383,"z":-0.004602977540344,"w":0.9949358105659485},"size":0.8573651909828186,"orthographic":false}