{"cameraMode":{"drawMode":0,"name":"Shaded","section":"Shading Mode"},"sceneLighting":true,"audioPlay":false,"sceneViewState":{"showFog":false,"showMaterialUpdate":false,"showSkybox":false,"showFlares":false,"showImageEffects":false,"showParticleSystems":false},"in2DMode":false,"pivot":{"x":485.824462890625,"y":192.51051330566407,"z":-376.22698974609377},"rotation":{"x":0.04402652755379677,"y":-0.0530194416642189,"z":-0.0023279746528714897,"w":-0.9976458549499512},"size":160.2330780029297,"orthographic":false}