{"cameraMode":{"drawMode":0,"name":"Shaded","section":"Shading Mode"},"sceneLighting":true,"audioPlay":false,"sceneViewState":{"showFog":false,"showMaterialUpdate":false,"showSkybox":false,"showFlares":false,"showImageEffects":false,"showParticleSystems":false},"in2DMode":false,"pivot":{"x":68.07568359375,"y":-2.7738089561462404,"z":128.64500427246095},"rotation":{"x":-0.0762912929058075,"y":0.7557550668716431,"z":-0.08952897042036057,"w":-0.6442105770111084},"size":7.1272711753845219,"orthographic":false}