{"cameraMode":{"drawMode":0,"name":"Shaded","section":"Shading Mode"},"sceneLighting":false,"audioPlay":false,"sceneViewState":{"showFog":false,"showMaterialUpdate":false,"showSkybox":false,"showFlares":false,"showImageEffects":false,"showParticleSystems":false},"in2DMode":false,"pivot":{"x":171.94528198242188,"y":-19.19745635986328,"z":-20.00737762451172},"rotation":{"x":-0.15443897247314454,"y":-0.30654579401016238,"z":-0.050479430705308917,"w":0.9378941059112549},"size":4.417036056518555,"orthographic":false}