{"cameraMode":{"drawMode":0,"name":"Shaded","section":"Shading Mode"},"sceneLighting":true,"audioPlay":false,"sceneViewState":{"showFog":false,"showMaterialUpdate":false,"showSkybox":false,"showFlares":false,"showImageEffects":false,"showParticleSystems":false},"in2DMode":false,"pivot":{"x":196.5093536376953,"y":-13.766008377075196,"z":-16.187320709228517},"rotation":{"x":0.023654475808143617,"y":0.9255587458610535,"z":-0.373342365026474,"w":0.05900206416845322},"size":2.1732285022735597,"orthographic":false}