{"cameraMode":{"drawMode":0,"name":"Shaded","section":"Shading Mode"},"sceneLighting":true,"audioPlay":false,"sceneViewState":{"showFog":false,"showMaterialUpdate":false,"showSkybox":false,"showFlares":false,"showImageEffects":false,"showParticleSystems":false},"in2DMode":false,"pivot":{"x":21.344676971435548,"y":-12.060312271118164,"z":33.059505462646487},"rotation":{"x":0.1421842873096466,"y":0.2925291061401367,"z":-0.04402650520205498,"w":0.9446101188659668},"size":57.490562438964847,"orthographic":false}