{"cameraMode":{"drawMode":0,"name":"Shaded","section":"Shading Mode"},"sceneLighting":true,"audioPlay":false,"sceneViewState":{"showFog":false,"showMaterialUpdate":false,"showSkybox":false,"showFlares":false,"showImageEffects":false,"showParticleSystems":false},"in2DMode":false,"pivot":{"x":180.5432891845703,"y":-17.66824722290039,"z":-33.08073043823242},"rotation":{"x":-0.0036328607238829138,"y":-0.35341930389404299,"z":-0.0014201406156644226,"w":0.935512900352478},"size":0.03277945518493652,"orthographic":false}