{"cameraMode":{"drawMode":0,"name":"Shaded","section":"Shading Mode"},"sceneLighting":true,"audioPlay":false,"sceneViewState":{"showFog":false,"showMaterialUpdate":false,"showSkybox":false,"showFlares":false,"showImageEffects":false,"showParticleSystems":false},"in2DMode":false,"pivot":{"x":185.8074951171875,"y":-19.781965255737306,"z":-30.50160026550293},"rotation":{"x":0.0273806843906641,"y":-0.12682364881038667,"z":0.003455354832112789,"w":0.9915939569473267},"size":25.675617218017579,"orthographic":false}