{"cameraMode":{"drawMode":0,"name":"Shaded","section":"Shading Mode"},"sceneLighting":true,"audioPlay":false,"sceneViewState":{"showFog":false,"showMaterialUpdate":false,"showSkybox":false,"showFlares":false,"showImageEffects":false,"showParticleSystems":false},"in2DMode":false,"pivot":{"x":146.3556365966797,"y":-0.404116153717041,"z":-3.508793592453003},"rotation":{"x":0.05760069191455841,"y":0.8745411038398743,"z":-0.10765911638736725,"w":0.469423770904541},"size":-0.5867031812667847,"orthographic":false}