{"cameraMode":{"drawMode":0,"name":"Shaded","section":"Shading Mode"},"sceneLighting":true,"audioPlay":false,"sceneViewState":{"showFog":false,"showMaterialUpdate":false,"showSkybox":false,"showFlares":false,"showImageEffects":false,"showParticleSystems":false},"in2DMode":false,"pivot":{"x":31.006746292114259,"y":-20.67930030822754,"z":76.0307846069336},"rotation":{"x":0.06408485025167465,"y":0.9204053282737732,"z":-0.34584030508995058,"w":0.17096783220767976},"size":23.871196746826173,"orthographic":false}