{"cameraMode":{"drawMode":0,"name":"Shaded","section":"Shading Mode"},"sceneLighting":false,"audioPlay":false,"sceneViewState":{"showFog":false,"showMaterialUpdate":false,"showSkybox":false,"showFlares":false,"showImageEffects":false,"showParticleSystems":false},"in2DMode":false,"pivot":{"x":39.45213317871094,"y":140.21990966796876,"z":207.58465576171876},"rotation":{"x":-0.037829723209142688,"y":0.9613639712333679,"z":-0.2118505984544754,"w":-0.1716672033071518},"size":673.0247192382813,"orthographic":false}