{"cameraMode":{"drawMode":0,"name":"Shaded","section":"Shading Mode"},"sceneLighting":false,"audioPlay":false,"sceneViewState":{"showFog":false,"showMaterialUpdate":false,"showSkybox":false,"showFlares":false,"showImageEffects":false,"showParticleSystems":false},"in2DMode":false,"pivot":{"x":369.1363525390625,"y":231.46852111816407,"z":-61.7557258605957},"rotation":{"x":0.03839873895049095,"y":-0.2439163774251938,"z":-0.009646697901189328,"w":-0.9690110087394714},"size":772.3980102539063,"orthographic":false}