{"cameraMode":{"drawMode":0,"name":"Shaded","section":"Shading Mode"},"sceneLighting":true,"audioPlay":false,"sceneViewState":{"showFog":false,"showMaterialUpdate":false,"showSkybox":false,"showFlares":false,"showImageEffects":false,"showParticleSystems":false},"in2DMode":false,"pivot":{"x":31.556453704833986,"y":-0.7818165421485901,"z":41.013370513916019},"rotation":{"x":0.08467212319374085,"y":0.05409329757094383,"z":-0.004602977540344,"w":0.9949358105659485},"size":28.633817672729493,"orthographic":false}