{"cameraMode":{"drawMode":0,"name":"Shaded","section":"Shading Mode"},"sceneLighting":true,"audioPlay":false,"sceneViewState":{"showFog":false,"showMaterialUpdate":false,"showSkybox":false,"showFlares":false,"showImageEffects":false,"showParticleSystems":false},"in2DMode":false,"pivot":{"x":90.39071655273438,"y":-11.104988098144532,"z":100.22502899169922},"rotation":{"x":0.11261339485645294,"y":-0.5064197182655335,"z":0.0669749304652214,"w":0.8523082137107849},"size":19.408565521240236,"orthographic":false}